model,y_true,y_prob
gp_location,1,0.4280011
gp_location,0,0.42739978
gp_location,1,0.39886302
gp_location,0,0.44308674
gp_location,0,0.42256212
gp_location,0,0.3502507
gp_location,0,0.35591158
gp_location,0,0.46154192
gp_location,1,0.6916877
gp_location,0,0.3569964
gp_location,1,0.4591137
gp_location,1,0.71215093
gp_location,1,0.60696524
gp_location,1,0.70159674
gp_location,1,0.70720774
gp_location,0,0.4253122
gp_location,1,0.4072442
gp_location,0,0.78238046
gp_location,0,0.37363064
gp_location,0,0.39468014
gp_location,1,0.66448915
gp_location,1,0.7861967
gp_location,0,0.36103606
gp_location,0,0.35807538
gp_location,0,0.4275441
gp_location,0,0.32763463
gp_location,1,0.7293613
gp_location,1,0.3911174
gp_location,1,0.3929525
gp_location,0,0.39222255
gp_location,1,0.4104574
gp_location,1,0.60908604
gp_location,0,0.3549409
gp_location,0,0.33609182
gp_location,1,0.59385175
gp_location,1,0.3915285
gp_location,0,0.3473307
gp_location,0,0.7507994
gp_location,1,0.37126213
gp_location,0,0.43522355
gp_location,0,0.4224926
gp_location,1,0.75923693
gp_location,1,0.3793509
gp_location,1,0.39724874
gp_location,1,0.3887864
gp_location,1,0.7876859
gp_location,1,0.39835298
gp_location,1,0.74876326
gp_location,1,0.3363738
gp_location,0,0.76930356
gp_location,0,0.36923742
gp_location,0,0.7415978
gp_location,0,0.3869284
gp_location,1,0.74876326
gp_location,1,0.386578
gp_location,1,0.38709086
gp_location,0,0.3900361
gp_location,0,0.75909173
gp_location,0,0.4445184
gp_location,1,0.75923693
gp_location,0,0.34779364
gp_location,0,0.35043085
gp_location,1,0.7957033
gp_location,1,0.83578235
gp_location,1,0.87724
gp_location,0,0.89088666
gp_location,1,0.8021437
gp_location,1,0.36741352
gp_location,0,0.8291075
gp_location,0,0.47001767
gp_location,0,0.7617078
gp_location,0,0.7754522
gp_location,1,0.45378852
gp_location,1,0.69433814
gp_location,1,0.5856719
gp_location,1,0.75909173
gp_location,1,0.7754522
gp_location,0,0.33521387
gp_location,0,0.3721877
gp_location,1,0.39421827
gp_location,1,0.71216595
gp_location,0,0.37354505
gp_location,0,0.5456697
gp_location,1,0.37807932
gp_location,1,0.4452428
gp_location,0,0.43648684
gp_location,1,0.3980795
gp_location,1,0.34899172
gp_location,0,0.3593061
gp_location,1,0.37323394
gp_location,0,0.3444822
gp_location,1,0.39132875
gp_location,1,0.38853434
gp_location,1,0.62208366
gp_location,0,0.68925226
gp_location,1,0.4082637
gp_location,0,0.39012396
gp_location,1,0.33775198
gp_location,1,0.4752681
gp_location,0,0.75909173
gp_location,0,0.37093735
gp_location,1,0.3332495
gp_location,0,0.375869
gp_location,0,0.36183956
gp_location,1,0.7957033
gp_location,1,0.36892217
gp_location,1,0.7210333
gp_location,1,0.7926882
gp_location,1,0.38619018
gp_location,0,0.3238412
gp_location,1,0.7391454
gp_location,1,0.7875494
gp_location,1,0.72483337
gp_location,1,0.7795409
gp_location,0,0.38909376
gp_location,1,0.42932865
gp_location,1,0.39939386
gp_location,1,0.37843663
gp_location,1,0.39417827
gp_location,0,0.32136962
gp_location,1,0.38932705
gp_location,1,0.3868357
gp_location,1,0.8369679
gp_location,1,0.83736134
gp_location,0,0.34382927
gp_location,0,0.32063347
gp_location,1,0.75689805
gp_location,0,0.37208742
gp_location,1,0.48155582
gp_location,0,0.37845033
gp_location,0,0.40393084
gp_location,0,0.3662775
gp_location,0,0.4288634
gp_location,0,0.4063596
gp_location,1,0.6581503
gp_location,1,0.7515852
gp_location,0,0.7802151
gp_location,1,0.6628788
gp_location,1,0.7943687
gp_location,0,0.37542713
gp_location,0,0.41034132
gp_location,1,0.7584697
gp_location,1,0.36225864
gp_location,0,0.39427698
gp_location,1,0.8417549
gp_location,0,0.48123664
gp_location,1,0.7617078
gp_location,0,0.3536942
gp_location,1,0.33051974
gp_location,1,0.33344716
gp_location,1,0.68114924
gp_location,1,0.3975542
gp_location,1,0.35738137
gp_location,0,0.3818467
gp_location,0,0.39714074
gp_location,1,0.8484994
gp_location,1,0.5886809
gp_location,1,0.50409764
gp_location,1,0.75689805
gp_location,1,0.68108827
gp_location,0,0.4109089
gp_location,1,0.57961214
gp_location,0,0.36385357
gp_location,1,0.36353436
gp_location,1,0.40256405
gp_location,1,0.40397844
gp_location,1,0.57760733
gp_location,1,0.6019405
gp_location,0,0.37938595
gp_location,1,0.4306896
gp_location,1,0.62376577
gp_location,1,0.64569974
gp_location,1,0.63938093
gp_location,1,0.86232626
gp_location,0,0.4009959
gp_location,0,0.41449863
gp_location,1,0.80218303
gp_location,0,0.39922786
gp_location,1,0.77671814
gp_location,1,0.77696633
gp_location,0,0.41560084
gp_location,0,0.8417549
gp_location,0,0.37747136
gp_location,1,0.33508113
gp_location,0,0.3439867
gp_location,0,0.3977612
gp_location,1,0.8007802
gp_location,0,0.777606
gp_location,1,0.6160918
gp_location,1,0.40778375
gp_location,1,0.3248514
gp_location,1,0.2840413
gp_location,0,0.73995304
gp_location,1,0.44228798
gp_location,1,0.41961744
gp_location,0,0.39554715
gp_location,0,0.37320575
gp_location,1,0.7856629
gp_location,1,0.7863555
gp_location,1,0.63877296
gp_location,1,0.41369057
gp_location,1,0.37883455
gp_location,1,0.3949377
gp_location,1,0.8024543
gp_location,1,0.37511945
gp_location,0,0.38288456
gp_location,1,0.4020471
gp_location,1,0.40765026
gp_location,1,0.35498056
gp_location,0,0.6418216
gp_location,1,0.38316047
gp_location,1,0.80218303
gp_location,0,0.3773928
gp_location,0,0.3365044
gp_location,1,0.77768385
gp_location,1,0.48470998
gp_location,1,0.64569974
gp_location,1,0.7421609
gp_location,0,0.38912502
gp_location,0,0.37709263
gp_location,1,0.8017559
gp_location,1,0.80281544
gp_location,1,0.7796539
gp_location,0,0.35199988
gp_location,1,0.36749196
gp_location,0,0.3692833
gp_location,1,0.8258401
gp_location,0,0.38817853
gp_location,1,0.8291075
gp_location,0,0.40688813
gp_location,1,0.70390284
gp_location,0,0.37387758
gp_location,1,0.8398676
gp_location,1,0.83744484
gp_location,1,0.3506782
gp_location,1,0.8574733
gp_location,1,0.8291075
gp_location,0,0.5047887
gp_location,0,0.6745887
gp_location,1,0.35272622
gp_location,1,0.48146692
gp_location,1,0.45268434
gp_location,1,0.4244879
gp_location,0,0.36715046
gp_location,1,0.3576055
gp_location,1,0.41729426
gp_location,0,0.34537658
gp_location,1,0.7415978
gp_location,1,0.78424263
gp_location,0,0.38643688
gp_location,1,0.7118773
gp_location,0,0.35931587
gp_location,1,0.6994199
gp_location,1,0.81905776
gp_location,1,0.7293613
gp_location,1,0.40080318
gp_location,1,0.80218303
gp_location,1,0.38476923
gp_location,0,0.385395
gp_location,0,0.3549558
gp_location,0,0.8171976
gp_location,0,0.34727862
gp_location,1,0.35894614
gp_location,1,0.7725605
gp_location,0,0.3577311
gp_location,1,0.7072057
gp_location,1,0.4176197
gp_location,0,0.35883418
gp_location,0,0.33297288
gp_location,1,0.8077762
gp_location,1,0.8313137
gp_location,0,0.37521508
gp_location,0,0.8021437
gp_location,0,0.7486874
gp_location,0,0.3652658
gp_location,0,0.448906
gp_location,0,0.43973026
gp_location,1,0.39526784
gp_location,1,0.38677603
gp_location,1,0.45906165
gp_location,0,0.76156294
gp_location,1,0.69234216
gp_location,1,0.7415978
gp_location,0,0.4218877
gp_location,0,0.40914854
gp_location,1,0.77696633
gp_location,0,0.38376766
gp_location,1,0.40293595
gp_location,0,0.7513857
gp_location,1,0.7926882
gp_location,1,0.7942504
gp_location,0,0.4920151
gp_location,1,0.36950004
gp_location,0,0.36830175
gp_location,0,0.33600363
gp_location,1,0.37830842
gp_location,1,0.6455146
gp_location,1,0.46256176
gp_location,1,0.35402194
gp_location,1,0.85248053
gp_location,1,0.8246937
gp_location,1,0.3584345
gp_location,0,0.3874789
gp_location,1,0.6568972
gp_location,1,0.3848624
gp_location,0,0.36575407
gp_location,1,0.70390284
gp_location,0,0.38049865
gp_location,0,0.38804796
gp_location,1,0.36266893
gp_location,1,0.33665675
gp_location,0,0.36358827
gp_location,1,0.6455146
gp_location,1,0.38113788
gp_location,1,0.35931745
gp_location,0,0.38822606
gp_location,1,0.8241099
gp_location,1,0.8524806
gp_location,1,0.37982273
gp_location,0,0.38041535
gp_location,1,0.8369679
gp_location,1,0.83625835
gp_location,1,0.83578235
gp_location,1,0.41461843
gp_location,0,0.40946835
gp_location,1,0.82415277
gp_location,0,0.43837434
gp_location,1,0.6394634
gp_location,1,0.6967174
gp_location,0,0.3539871
gp_location,0,0.3788547
gp_location,0,0.40169877
gp_location,0,0.3650108
gp_location,0,0.3907241
gp_location,1,0.4583773
gp_location,1,0.7014684
gp_location,1,0.68560636
gp_location,1,0.77671814
gp_location,0,0.36606714
gp_location,1,0.38278794
gp_location,1,0.79759663
gp_location,1,0.37763327
gp_location,0,0.35807258
gp_location,1,0.6397906
gp_location,0,0.4093362
gp_location,1,0.36809468
gp_location,0,0.35539836
gp_location,1,0.7953812
gp_location,1,0.37596744
gp_location,0,0.38295233
gp_location,0,0.36271888
gp_location,1,0.42355663
gp_location,1,0.3746655
gp_location,1,0.5045536
gp_location,1,0.3677773
gp_location,1,0.39436382
gp_location,0,0.76930356
gp_location,1,0.43695107
gp_location,0,0.41643873
gp_location,1,0.7428397
gp_location,1,0.8092967
gp_location,1,0.37736347
gp_location,1,0.69873494
gp_location,1,0.6759736
gp_location,1,0.850633
gp_location,1,0.6715369
gp_location,0,0.34631616
gp_location,0,0.3326449
gp_location,1,0.64569974
gp_location,0,0.35489458
gp_location,1,0.3853536
gp_location,0,0.3709609
gp_location,1,0.74134564
gp_location,0,0.7161059
gp_location,1,0.7943686
gp_location,1,0.3824005
gp_location,1,0.7721312
gp_location,1,0.39092082
gp_location,0,0.47527835
gp_location,1,0.8258401
gp_location,1,0.37460548
gp_location,0,0.81815255
gp_location,1,0.65453845
gp_location,1,0.3868076
gp_location,1,0.3649992
gp_location,1,0.6334377
gp_location,1,0.7926882
gp_location,0,0.36374998
gp_location,1,0.33491993
gp_location,1,0.7393571
gp_location,1,0.4152989
gp_location,1,0.7471665
gp_location,1,0.54354477
gp_location,1,0.81252116
gp_location,0,0.7513857
gp_location,1,0.7421609
gp_location,0,0.3898491
gp_location,1,0.3849181
gp_location,0,0.40782455
gp_location,1,0.82078403
gp_location,0,0.7391454
gp_location,1,0.7926882
gp_location,0,0.39493138
gp_location,1,0.72856605
gp_location,1,0.84574926
gp_location,1,0.8171976
gp_location,1,0.74190533
gp_location,0,0.4703025
gp_location,0,0.8258401
gp_location,1,0.8241099
gp_location,0,0.3654138
gp_location,0,0.6397906
gp_location,0,0.8574733
gp_location,1,0.44090083
gp_location,0,0.7246341
gp_location,1,0.7721312
gp_location,0,0.34598944
gp_location,1,0.3288983
gp_location,1,0.74617684
gp_location,0,0.39111373
gp_location,1,0.7084949
gp_location,0,0.37986755
gp_location,1,0.36642826
gp_location,1,0.37514624
gp_location,1,0.84283507
gp_location,1,0.82287693
gp_location,1,0.40996295
gp_location,1,0.70782113
gp_location,0,0.3311301
gp_location,0,0.7164193
gp_location,1,0.75689805
gp_location,1,0.39659834
gp_location,1,0.37108374
gp_location,1,0.3967265
gp_location,1,0.5792626
gp_location,0,0.4343517
gp_location,1,0.65577596
gp_location,0,0.38409692
gp_location,1,0.41830236
gp_location,0,0.38507754
gp_location,0,0.41551587
gp_location,0,0.47291133
gp_location,0,0.35345268
gp_location,1,0.5848576
gp_location,1,0.38139677
gp_location,0,0.34292585
gp_location,1,0.34718776
gp_location,0,0.3723464
gp_location,1,0.8077762
gp_location,0,0.6334634
gp_location,0,0.41106805
gp_location,1,0.7374942
gp_location,0,0.41594118
gp_location,1,0.41998196
gp_location,1,0.75974786
gp_location,1,0.3957602
gp_location,1,0.7688184
gp_location,1,0.77671814
gp_location,0,0.3717692
gp_location,0,0.69001734
gp_location,1,0.8369679
gp_location,1,0.30445617
gp_location,0,0.37988445
gp_location,1,0.73677206
gp_location,0,0.37766346
gp_location,0,0.35198927
gp_location,1,0.7164193
gp_location,1,0.67285126
gp_location,1,0.6842757
gp_location,0,0.68904436
gp_location,0,0.37560445
gp_location,0,0.360422
gp_location,1,0.83578235
gp_location,0,0.3495853
gp_location,0,0.8093339
gp_location,0,0.27475935
gp_location,0,0.31964386
gp_location,0,0.35535648
gp_location,1,0.8427496
gp_location,1,0.708961
gp_location,0,0.31673223
gp_location,0,0.42294365
gp_location,1,0.84283507
gp_location,1,0.7875494
gp_location,1,0.84283507
gp_location,0,0.4372963
gp_location,1,0.3792687
gp_location,0,0.43405467
gp_location,1,0.7942504
gp_location,0,0.3655368
gp_location,1,0.7246341
gp_location,0,0.31566817
gp_location,1,0.49853
gp_location,0,0.38814855
gp_location,1,0.7725605
gp_location,0,0.41795284
gp_location,0,0.8162811
gp_location,1,0.42652357
gp_location,0,0.35045227
gp_location,1,0.71263605
gp_location,1,0.6581503
gp_location,0,0.3601582
gp_location,1,0.67325026
gp_location,1,0.75974786
gp_location,0,0.46789327
gp_location,1,0.76050293
gp_location,1,0.39279872
gp_location,1,0.3889115
gp_location,1,0.7798678
gp_location,1,0.71521544
gp_location,0,0.4160791
gp_location,1,0.3715411
gp_location,0,0.3919832
gp_location,1,0.6715369
gp_location,0,0.41300657
gp_location,1,0.394619
gp_location,1,0.69873494
gp_location,1,0.81951034
gp_location,0,0.40725875
gp_location,0,0.34884536
gp_location,1,0.80075234
gp_location,1,0.82910746
gp_location,1,0.4679563
gp_location,1,0.54063094
gp_location,0,0.37915528
gp_location,0,0.3711394
gp_location,1,0.48014313
gp_location,1,0.5856719
gp_location,0,0.38228297
gp_location,1,0.6769117
gp_location,1,0.52198404
gp_location,0,0.41091025
gp_location,0,0.693735
gp_location,0,0.38044634
gp_location,0,0.3638102
gp_location,1,0.82287693
gp_location,0,0.46373215
gp_location,1,0.74849427
gp_location,0,0.7654028
gp_location,1,0.83625835
gp_location,0,0.4169116
gp_location,1,0.3789209
gp_location,0,0.5071718
gp_location,0,0.3870659
gp_location,1,0.6969574
gp_location,0,0.3359205
gp_location,1,0.6348834
gp_location,0,0.35012543
gp_location,0,0.38019365
gp_location,1,0.3222877
gp_location,0,0.3397472
gp_location,0,0.35090584
gp_location,0,0.40749308
gp_location,0,0.40707865
gp_location,1,0.82078403
gp_location,1,0.3711118
gp_location,1,0.48858562
gp_location,1,0.81372976
gp_location,1,0.85683393
gp_location,0,0.34920272
gp_location,0,0.3471769
gp_location,1,0.7856629
gp_location,1,0.35858637
gp_location,0,0.40168458
gp_location,1,0.6342778
gp_location,0,0.37756875
gp_location,1,0.815573
gp_location,0,0.35525224
gp_location,1,0.38632733
gp_location,1,0.8024543
gp_location,1,0.3784957
gp_location,0,0.5491683
gp_location,1,0.77696633
gp_location,1,0.39399505
gp_location,0,0.7515851
gp_location,1,0.3102662
gp_location,0,0.47464362
gp_location,1,0.63413423
gp_location,0,0.35464418
gp_location,0,0.33720112
gp_location,1,0.8313137
gp_location,0,0.39702606
gp_location,0,0.35753846
gp_location,0,0.3309232
gp_location,1,0.75616413
gp_location,1,0.70390284
gp_location,1,0.36179316
gp_location,0,0.36723554
gp_location,0,0.3809911
gp_location,1,0.5883037
gp_location,1,0.34683967
gp_location,1,0.35242635
gp_location,0,0.6744978
gp_location,0,0.551327
gp_location,1,0.40132204
gp_location,0,0.6138681
gp_location,1,0.8291075
gp_location,1,0.83696795
gp_location,1,0.8267729
gp_location,1,0.81252116
gp_location,1,0.4014631
gp_location,1,0.8093339
gp_location,0,0.37007198
gp_location,1,0.7825582
gp_location,1,0.34738928
gp_location,1,0.36333323
gp_location,1,0.8369679
gp_location,1,0.81628096
gp_location,1,0.70159674
gp_location,0,0.3623777
gp_location,0,0.37717673
gp_location,0,0.3608744
gp_location,0,0.34635794
gp_location,0,0.3617062
gp_location,0,0.39113694
gp_location,0,0.41438597
gp_location,1,0.36497718
gp_location,0,0.70390284
gp_location,1,0.83578235
gp_location,1,0.37923828
gp_location,0,0.4372051
gp_location,1,0.71581733
gp_location,0,0.409074
gp_location,0,0.39135936
gp_location,1,0.71492314
gp_location,1,0.75738996
gp_location,1,0.8326241
gp_location,1,0.87723994
gp_location,1,0.41286075
gp_location,1,0.58142084
gp_location,1,0.8162811
gp_location,1,0.8373612
gp_location,1,0.6812556
gp_location,1,0.33131456
gp_location,1,0.400251
gp_location,0,0.4544225
gp_location,1,0.8235521
gp_location,1,0.4327882
gp_location,0,0.34656948
gp_location,0,0.37997404
gp_location,1,0.35023052
gp_location,1,0.41767833
gp_location,1,0.35198483
gp_location,1,0.7674351
gp_location,0,0.38119057
gp_location,1,0.7725605
gp_location,1,0.866201
gp_location,0,0.35770908
gp_location,0,0.34680468
gp_location,1,0.74790853
gp_location,0,0.5771345
gp_location,0,0.38449097
gp_location,1,0.7439416
gp_location,0,0.39570254
gp_location,1,0.3504997
gp_location,0,0.37135285
gp_location,0,0.42145503
gp_location,1,0.41531086
gp_location,1,0.41088468
gp_location,0,0.4113231
gp_location,0,0.30355448
gp_location,0,0.3753455
gp_location,1,0.33350444
gp_location,1,0.4521234
gp_location,0,0.44144583
gp_location,1,0.35026443
gp_location,1,0.8291075
gp_location,0,0.19528985
gp_location,0,0.28748077
gp_location,0,0.4089894
gp_location,0,0.41592816
gp_location,1,0.81495404
gp_location,0,0.34827572
gp_location,1,0.82595634
gp_location,0,0.34211865
gp_location,1,0.7875494
gp_location,1,0.4531086
gp_location,1,0.3935563
gp_location,1,0.3378372
gp_location,0,0.59239584
gp_location,1,0.36693183
gp_location,1,0.35120222
gp_location,1,0.83578235
gp_location,1,0.34940654
gp_location,0,0.7688184
gp_location,0,0.66348886
gp_location,0,0.3967356
gp_location,0,0.35972387
gp_location,0,0.48689353
gp_location,1,0.35463464
gp_location,1,0.37620568
gp_location,1,0.38653338
gp_location,1,0.3407848
gp_location,1,0.83578223
gp_location,0,0.7641318
gp_location,1,0.84283507
gp_location,0,0.3545484
gp_location,1,0.38528025
gp_location,0,0.8177686
gp_location,0,0.42241102
gp_location,1,0.35597903
gp_location,0,0.44946724
gp_location,1,0.8427814
gp_location,0,0.8420756
gp_location,0,0.3610746
gp_location,0,0.3535617
gp_location,0,0.36396483
gp_location,0,0.7937627
gp_location,0,0.37507167
gp_location,1,0.74617684
gp_location,0,0.3510661
gp_location,0,0.37787566
gp_location,0,0.5222669
gp_location,1,0.3476423
gp_location,0,0.41195846
gp_location,0,0.41450137
gp_location,1,0.8574733
gp_location,1,0.83578223
gp_location,0,0.3406887
gp_location,1,0.78959864
gp_location,0,0.42123258
gp_location,1,0.83578223
gp_location,0,0.35099998
gp_location,1,0.34403002
gp_location,0,0.38297608
gp_location,0,0.40918016
gp_location,0,0.40526912
gp_location,1,0.35495102
gp_location,1,0.83578235
gp_location,0,0.3630761
gp_location,0,0.3913633
gp_location,0,0.33236116
gp_location,0,0.35841563
gp_location,0,0.3496943
gp_location,1,0.33453774
gp_location,0,0.5947964
gp_location,0,0.33196145
gp_location,0,0.62208366
gp_location,0,0.6141906
gp_location,1,0.83578235
gp_location,0,0.40192312
gp_location,0,0.4327649
gp_location,1,0.83578235
gp_location,1,0.39806157
gp_location,1,0.5657524
gp_location,0,0.35336733
gp_location,1,0.69607174
gp_location,0,0.67087895
gp_location,0,0.37786296
gp_location,0,0.39756668
gp_location,0,0.38808352
gp_location,0,0.37513024
gp_location,1,0.6202865
gp_location,0,0.6965561
gp_location,1,0.6400547
gp_location,1,0.38375276
gp_location,1,0.41834074
gp_location,1,0.802183
gp_location,1,0.4273174
gp_location,0,0.47621676
gp_location,1,0.8327365
gp_location,1,0.83578223
gp_location,0,0.3418595
gp_location,1,0.7798678
gp_location,0,0.32467157
gp_location,0,0.7138215
gp_location,0,0.78750575
gp_location,0,0.3993322
gp_location,0,0.39881378
gp_location,1,0.34637144
gp_location,1,0.83578235
gp_location,1,0.41144526
gp_location,1,0.52584714
gp_location,1,0.3682055
gp_location,0,0.3803362
gp_location,1,0.40463123
gp_location,0,0.3418098
gp_location,1,0.83578223
gp_location,1,0.38381702
gp_location,1,0.47129643
gp_location,1,0.39450163
gp_location,1,0.77768385
gp_location,1,0.34940106
gp_location,0,0.78533703
gp_location,1,0.7641318
gp_location,1,0.7498822
gp_location,1,0.70768356
gp_location,0,0.37949973
gp_location,0,0.42652357
gp_location,1,0.73054135
gp_location,0,0.40011144
gp_location,1,0.3430882
gp_location,0,0.6965561
gp_location,0,0.5375921
gp_location,1,0.33348513
gp_location,1,0.3607555
gp_location,0,0.362095
gp_location,0,0.3437827
gp_location,1,0.38187015
gp_location,0,0.32626247
gp_location,0,0.60715324
gp_location,1,0.83578223
gp_location,1,0.83578235
gp_location,0,0.83744484
gp_location,1,0.35697183
gp_location,0,0.802183
gp_location,1,0.82287693
gp_location,1,0.8171976
gp_location,1,0.3518928
gp_location,1,0.40230075
gp_location,0,0.40187496
gp_location,1,0.4750848
gp_location,1,0.44331166
gp_location,1,0.83736134
gp_location,0,0.4638072
gp_location,0,0.33281127
gp_location,1,0.83578235
gp_location,1,0.8007802
gp_location,1,0.83578235
gp_location,0,0.39307195
gp_location,0,0.66283447
gp_location,0,0.36758018
gp_location,0,0.3664413
gp_location,1,0.37339753
gp_location,1,0.7884707
gp_location,1,0.82287693
gp_location,0,0.36233103
gp_location,0,0.37184346
gp_location,1,0.3771492
gp_location,1,0.42372566
gp_location,0,0.74876326
gp_location,0,0.3525867
gp_location,0,0.84283507
gp_location,1,0.83578223
gp_location,1,0.8487329
gp_location,1,0.6203203
gp_location,1,0.63401324
gp_location,0,0.4262854
gp_location,0,0.35665473
gp_location,1,0.43016818
gp_location,0,0.33954287
gp_location,1,0.83578223
gp_location,0,0.39221436
gp_location,0,0.48441455
gp_location,0,0.40854436
gp_location,1,0.83578223
gp_location,1,0.84328103
gp_location,0,0.32160544
gp_location,0,0.35231134
gp_location,1,0.37435415
gp_location,0,0.37958857
gp_location,0,0.35727733
gp_location,1,0.3745786
gp_location,0,0.3762569
gp_location,0,0.38614684
gp_location,0,0.34628293
gp_location,1,0.83578235
gp_location,1,0.30099714
gp_location,1,0.83578235
gp_location,1,0.83578235
gp_location,0,0.7424582
gp_location,0,0.3181037
gp_location,0,0.34513173
gp_location,0,0.40806213
gp_location,1,0.803315
gp_location,0,0.42435867
gp_location,1,0.801918
gp_location,0,0.35169303
gp_location,0,0.33235908
gp_location,1,0.3572665
gp_location,0,0.349604
gp_location,0,0.40389788
gp_location,1,0.7697406
gp_location,1,0.83578223
gp_location,0,0.38133943
gp_location,0,0.37450594
gp_location,1,0.40439495
gp_location,0,0.46764427
gp_location,1,0.7859534
gp_location,1,0.46881533
gp_location,1,0.3767516
gp_location,1,0.41342705
gp_location,0,0.3678214
gp_location,0,0.33730906
gp_location,0,0.4272486
gp_location,1,0.69450873
gp_location,0,0.3467137
gp_location,0,0.391845
gp_location,0,0.37297267
gp_location,1,0.39080864
gp_location,0,0.83578235
gp_location,0,0.42099884
gp_location,0,0.81495404
gp_location,0,0.36696923
gp_location,0,0.35499358
gp_location,0,0.38949913
gp_location,0,0.37736064
gp_location,1,0.8007802
gp_location,1,0.3546763
gp_location,1,0.7325683
gp_location,1,0.33818865
gp_location,0,0.35099998
gp_location,1,0.83578235
gp_location,0,0.5050184
gp_location,0,0.43016818
gp_location,0,0.34116974
gp_location,1,0.4178517
gp_location,1,0.83578235
gp_location,0,0.4436576
gp_location,1,0.83578223
gp_location,0,0.4612166
gp_location,1,0.40221873
gp_location,0,0.38272768
gp_location,1,0.3900744
gp_location,0,0.426966
gp_location,0,0.35500586
gp_location,1,0.40322503
gp_location,1,0.75616413
gp_location,0,0.3286813
gp_location,0,0.38985232
gp_location,1,0.40804657
gp_location,1,0.36617383
gp_location,1,0.42268822
gp_location,1,0.80218303
gp_location,1,0.83578235
gp_location,0,0.8322059
gp_location,0,0.35890272
gp_location,0,0.38125163
gp_location,0,0.3395099
gp_location,0,0.39732397
gp_location,0,0.38490686
gp_location,1,0.3383761
gp_location,1,0.35707295
gp_location,1,0.36434287
gp_location,0,0.83781147
gp_location,1,0.83578235
gp_location,1,0.84696144
gp_location,0,0.3558774
gp_location,1,0.33998817
gp_location,1,0.3594491
gp_location,0,0.36641866
gp_location,0,0.6806506
gp_location,1,0.72853565
gp_location,0,0.4014557
gp_location,1,0.8545282
gp_location,0,0.39480925
gp_location,1,0.36634535
gp_location,0,0.37507135
gp_location,0,0.35174844
gp_location,0,0.3888507
gp_location,0,0.35113174
gp_location,1,0.773298
gp_location,0,0.3388033
gp_location,0,0.49141097
gp_location,0,0.3623321
gp_location,1,0.8058013
gp_location,1,0.3525523
gp_location,0,0.3642039
gp_location,0,0.32613128
gp_location,1,0.35840735
gp_location,1,0.56692404
gp_location,1,0.66182184
gp_location,0,0.34619486
gp_location,1,0.6868005
gp_location,1,0.3593517
gp_location,0,0.35754785
gp_location,0,0.34388405
gp_location,1,0.8713057
gp_location,0,0.38255057
gp_location,1,0.8024543
gp_location,0,0.415933
gp_location,1,0.6723215
gp_location,1,0.38672173
gp_location,0,0.4140998
gp_location,0,0.28910756
gp_location,1,0.72472185
gp_location,0,0.792923
gp_location,0,0.4414187
gp_location,0,0.43841422
gp_location,1,0.82287693
gp_location,0,0.36451015
gp_location,0,0.37663108
gp_location,0,0.39577055
gp_location,1,0.83578235
gp_location,1,0.7717988
gp_location,1,0.7163029
gp_location,1,0.39488813
gp_location,0,0.40911478
gp_location,1,0.39216894
gp_location,0,0.42473567
gp_location,1,0.7472827
gp_location,0,0.37143785
gp_location,0,0.37918696
gp_location,1,0.36564744
gp_location,0,0.41086283
gp_location,0,0.4445492
gp_location,1,0.7472827
gp_location,1,0.39616454
gp_location,0,0.7854141
gp_location,1,0.80814505
gp_location,0,0.5223485
gp_location,0,0.7024833
gp_location,1,0.816951
gp_location,1,0.7057537
gp_location,0,0.4184169
gp_location,1,0.83578223
gp_location,1,0.7619589
gp_location,1,0.37569344
gp_location,1,0.70984006
gp_location,0,0.29695472
gp_location,0,0.73663914
gp_location,1,0.42289597
gp_location,1,0.8268094
gp_location,1,0.7163029
gp_location,0,0.8166826
gp_location,1,0.80814505
gp_location,1,0.8430562
gp_location,0,0.7024833
gp_location,1,0.61578846
gp_location,1,0.820875
gp_location,0,0.3683331
gp_location,1,0.4701227
gp_location,0,0.4119421
gp_location,0,0.39805943
gp_location,1,0.83578235
gp_location,1,0.34768426
gp_location,1,0.4004796
gp_location,0,0.41039276
gp_location,0,0.6269472
gp_location,0,0.45609233
gp_location,0,0.3233034
gp_location,1,0.6168165
gp_location,0,0.35643733
gp_location,0,0.41179588
gp_location,0,0.74454504
gp_location,0,0.37879714
gp_location,0,0.83643407
gp_location,1,0.7926882
gp_location,1,0.32765165
gp_location,0,0.83081234
gp_location,0,0.40632966
gp_location,1,0.8295109
gp_location,0,0.39150286
gp_location,0,0.8077762
gp_location,0,0.36089766
gp_location,0,0.35906693
gp_location,1,0.81445307
gp_location,1,0.32057536
gp_location,1,0.83578235
gp_location,0,0.32672304
gp_location,0,0.3797027
gp_location,1,0.4431365
gp_location,1,0.7721312
gp_location,0,0.3110807
gp_location,0,0.7080304
gp_location,1,0.36089373
gp_location,1,0.777725
gp_location,0,0.3866006
gp_location,1,0.45487803
gp_location,0,0.61391157
gp_location,0,0.39486146
gp_location,0,0.345935
gp_location,1,0.7032995
gp_location,1,0.5757352
gp_location,0,0.6621178
gp_location,0,0.3489289
gp_location,0,0.6918786
gp_location,1,0.6994372
gp_location,1,0.37098408
gp_location,0,0.38113192
gp_location,0,0.38596433
gp_location,0,0.5931802
gp_location,0,0.3711728
gp_location,0,0.39320633
gp_location,1,0.792923
gp_location,1,0.7619589
gp_location,0,0.3397095
gp_location,0,0.34567732
gp_location,0,0.36898288
gp_location,0,0.42120448
gp_location,0,0.40018776
gp_location,1,0.706465
gp_location,0,0.7545316
gp_location,0,0.35278434
gp_location,1,0.83578235
gp_location,1,0.72472185
gp_location,0,0.7472827
gp_location,0,0.4041479
gp_location,0,0.73830026
gp_location,0,0.38518283
gp_location,0,0.39765716
gp_location,0,0.7875058
gp_location,0,0.7684094
gp_location,0,0.6734928
gp_location,1,0.37026817
gp_location,1,0.83578235
gp_location,0,0.706465
gp_location,0,0.39324886
gp_location,0,0.353057
gp_location,0,0.4711641
gp_location,0,0.82117724
gp_location,1,0.36780164
gp_location,1,0.42120153
gp_location,0,0.36912876
gp_location,0,0.31988987
gp_location,0,0.41160905
gp_location,1,0.73054135
gp_location,1,0.34112006
gp_location,0,0.36668402
gp_location,0,0.39047846
gp_location,1,0.72472185
gp_location,0,0.33957082
gp_location,1,0.29820162
gp_location,0,0.3606309
gp_location,0,0.34416676
gp_location,0,0.7635312
gp_location,1,0.83578235
gp_location,0,0.35508135
gp_location,0,0.33810183
gp_location,0,0.3574653
gp_location,1,0.39281762
gp_location,1,0.3417276
gp_location,0,0.3752634
gp_location,0,0.3687272
gp_location,0,0.39149594
gp_location,0,0.37951186
gp_location,1,0.83578235
gp_location,0,0.41591594
gp_location,0,0.35923868
gp_location,1,0.75689805
gp_location,1,0.8175324
gp_location,0,0.3803767
gp_location,1,0.36957556
gp_location,0,0.45070425
gp_location,1,0.71945745
gp_location,1,0.74696565
gp_location,0,0.327071
gp_location,0,0.3613088
gp_location,1,0.84739643
gp_location,1,0.83578235
gp_location,0,0.4119743
gp_location,0,0.41923288
gp_location,1,0.83242583
gp_location,0,0.3480006
gp_location,1,0.75952005
gp_location,1,0.72472185
gp_location,0,0.35096747
gp_location,1,0.7694708
gp_location,0,0.45955506
gp_location,0,0.34689245
gp_location,0,0.38513303
gp_location,0,0.7553575
gp_location,0,0.57059866
gp_location,1,0.83578223
gp_location,1,0.7861968
gp_location,1,0.39664936
gp_location,1,0.78959864
gp_location,1,0.83578223
gp_location,1,0.3648873
gp_location,1,0.33484137
gp_location,1,0.3771484
gp_location,1,0.34888327
gp_location,1,0.39939526
gp_location,1,0.39668816
gp_location,0,0.35323387
gp_location,1,0.42688307
gp_location,0,0.7641318
gp_location,1,0.85240173
gp_location,1,0.7553575
gp_location,1,0.7553575
gp_location,1,0.40008378
gp_location,1,0.6592814
gp_location,0,0.32440853
gp_location,1,0.7684094
gp_location,0,0.85362995
gp_location,1,0.35496923
gp_location,0,0.33748785
gp_location,0,0.37423235
gp_location,1,0.83578235
gp_location,1,0.83578235
gp_location,1,0.8564153
gp_location,0,0.36406374
gp_location,1,0.72147226
gp_location,1,0.35797393
gp_location,1,0.32574022
gp_location,0,0.4230073
gp_location,0,0.36038136
gp_location,1,0.83578235
gp_location,1,0.4084824
gp_location,1,0.48619273
gp_location,0,0.35798514
gp_location,0,0.3890518
gp_location,1,0.73995304
gp_location,0,0.43706217
gp_location,1,0.7472827
gp_location,1,0.86620986
gp_location,1,0.38121924
gp_location,1,0.43546402
gp_location,1,0.76657647
gp_location,1,0.66504127
gp_location,1,0.8275654
gp_location,1,0.83578223
gp_location,1,0.38172868
gp_location,1,0.8077762
gp_location,1,0.3568252
gp_location,1,0.7024833
gp_location,0,0.46404052
gp_location,1,0.37959856
gp_location,0,0.37873822
gp_location,1,0.43325496
gp_location,0,0.3828722
gp_location,0,0.3236363
gp_location,0,0.3363902
gp_location,1,0.74454504
gp_location,0,0.8207083
gp_location,1,0.37250116
gp_location,1,0.33917826
gp_location,1,0.84549224
gp_location,0,0.40810773
gp_location,0,0.49653837
gp_location,1,0.73476285
gp_location,1,0.83578223
gp_location,1,0.83578235
gp_location,1,0.8866056
gp_location,1,0.82117724
gp_location,1,0.83578223
gp_location,0,0.42162883
gp_location,0,0.6423619
gp_location,0,0.76657647
gp_location,0,0.38275304
gp_location,1,0.83578235
gp_location,1,0.894945
gp_location,1,0.6734704
gp_location,0,0.46668708
gp_location,1,0.75909173
gp_location,1,0.8832698
gp_location,0,0.70574224
gp_location,1,0.761959
gp_location,0,0.63346326
gp_location,0,0.55268246
gp_location,1,0.34347734
gp_location,1,0.59582317
gp_location,1,0.33119786
gp_location,0,0.39739734
gp_location,0,0.25497228
gp_location,0,0.37238994
gp_location,0,0.39737833
gp_location,1,0.35314843
gp_location,0,0.33599386
gp_location,1,0.4312546
gp_location,1,0.3350337
gp_location,1,0.50314015
gp_location,1,0.79206324
gp_location,1,0.35444164
gp_location,0,0.37014735
gp_location,0,0.37153608
gp_location,0,0.346139
gp_location,0,0.34725523
gp_location,0,0.36335725
gp_location,1,0.83578235
gp_location,0,0.4083657
gp_location,1,0.83578223
gp_location,1,0.83578235
gp_location,0,0.7721312
gp_location,0,0.35187268
gp_location,1,0.6825069
gp_location,1,0.7553575
gp_location,0,0.7793571
gp_location,1,0.35727495
gp_location,0,0.50877655
gp_location,0,0.35361272
gp_location,1,0.36661646
gp_location,1,0.61222905
gp_location,1,0.83578223
gp_location,0,0.706465
gp_location,0,0.750646
gp_location,0,0.3894016
gp_location,1,0.6530165
gp_location,0,0.36350194
gp_location,1,0.83578235
gp_location,1,0.83578235
gp_location,1,0.83008647
gp_location,0,0.41033173
gp_location,1,0.75407165
gp_location,1,0.7545316
gp_location,0,0.78773046
gp_location,0,0.3979024
gp_location,0,0.38322636
gp_location,0,0.82415277
gp_location,0,0.8662548
gp_location,1,0.41587237
gp_location,1,0.78773046
gp_location,1,0.83578235
gp_location,1,0.37963837
gp_location,0,0.3707674
gp_location,0,0.3424086
gp_location,1,0.45088068
gp_location,1,0.83578223
gp_location,1,0.3474214
gp_location,1,0.83578235
gp_location,1,0.82117724
gp_location,1,0.38002142
gp_location,1,0.83578235
gp_location,0,0.38808212
gp_location,1,0.83578235
gp_location,1,0.83578223
gp_location,0,0.39078447
gp_location,1,0.5966498
gp_location,1,0.3383761
gp_location,0,0.3896656
gp_location,1,0.41230482
gp_location,1,0.83578235
gp_location,1,0.8559158
gp_location,1,0.38744107
gp_location,0,0.39043742
gp_location,0,0.36550012
gp_location,0,0.352679
gp_location,1,0.38385263
gp_location,0,0.3387547
gp_location,1,0.43403178
gp_location,0,0.5414809
gp_location,1,0.7857211
gp_location,0,0.4992668
gp_location,1,0.83578235
gp_location,0,0.35170186
gp_location,1,0.40113482
gp_location,1,0.83578235
gp_location,0,0.38460433
gp_location,1,0.739029
gp_location,0,0.6929313
gp_location,1,0.83578235
gp_location,1,0.39760023
gp_location,0,0.58686364
gp_location,0,0.414029
gp_location,0,0.67302185
gp_location,0,0.38500133
gp_location,1,0.3649994
gp_location,0,0.37823993
gp_location,1,0.8151672
gp_location,0,0.37132752
gp_location,1,0.38711938
gp_location,1,0.81495404
gp_location,0,0.42476794
gp_location,1,0.59019005
gp_location,1,0.84283507
gp_location,0,0.35330045
gp_location,0,0.84328103
gp_location,1,0.8249124
gp_location,0,0.35451108
gp_location,0,0.31232
gp_location,1,0.47408774
gp_location,1,0.8175324
gp_location,1,0.8295109
gp_location,0,0.40499702
gp_location,1,0.3633123
gp_location,1,0.33731502
gp_location,0,0.4820103
gp_location,0,0.39913833
gp_location,1,0.870618
gp_location,1,0.35571927
gp_location,0,0.29475528
gp_location,1,0.5455683
gp_location,1,0.83578235
gp_location,0,0.39969674
gp_location,1,0.39469162
gp_location,0,0.74234647
gp_location,0,0.36390594
gp_location,0,0.38822094
gp_location,0,0.33950442
gp_location,1,0.29310673
gp_location,1,0.3958199
gp_location,0,0.40804857
gp_location,1,0.820875
gp_location,0,0.34889162
gp_location,1,0.75909173
gp_location,1,0.83578235
gp_location,0,0.35380632
gp_location,0,0.37503225
gp_location,1,0.83578235
gp_location,0,0.36384985
gp_location,1,0.83578235
gp_location,0,0.3263825
gp_location,0,0.3631324
gp_location,1,0.35495585
gp_location,0,0.3534517
gp_location,0,0.7428397
gp_location,0,0.29864246
gp_location,1,0.3875774
gp_location,1,0.8646686
gp_location,1,0.7937627
gp_location,1,0.4131384
gp_location,1,0.8475437
gp_location,1,0.79247326
gp_location,0,0.34164375
gp_location,1,0.39904052
gp_location,0,0.35096422
gp_location,1,0.38733798
gp_location,0,0.37506467
gp_location,1,0.83578235
gp_location,0,0.57059866
gp_location,1,0.36187375
gp_location,0,0.53872985
gp_location,1,0.8175324
gp_location,1,0.39899483
gp_location,0,0.34690368
gp_location,0,0.32776263
gp_location,0,0.39349928
gp_location,0,0.34341717
gp_location,0,0.6216724
gp_location,1,0.3106131
gp_location,1,0.32680768
gp_location,0,0.46418932
gp_location,0,0.4325388
gp_location,1,0.36336166
gp_location,1,0.7619589
gp_location,0,0.35178506
gp_location,0,0.42278513
gp_location,0,0.8074768
gp_location,0,0.3417276
gp_location,1,0.7942504
gp_location,0,0.7684094
gp_location,0,0.32777447
gp_location,0,0.37675947
gp_location,0,0.33312458
gp_location,1,0.7904767
gp_location,0,0.3771484
gp_location,0,0.75923693
gp_location,0,0.38710195
gp_location,1,0.8818935
gp_location,0,0.85182214
gp_location,0,0.87103736
gp_location,1,0.8249124
gp_location,1,0.37552592
gp_location,0,0.3773378
gp_location,1,0.38069594
gp_location,1,0.44685054
gp_location,1,0.40363625
gp_location,1,0.3680842
gp_location,0,0.3213479
gp_location,1,0.8275654
gp_location,1,0.36998296
gp_location,1,0.86750436
gp_location,1,0.36292237
gp_location,1,0.8024543
gp_location,1,0.34977508
gp_location,0,0.33487794
gp_location,1,0.39017224
gp_location,0,0.7190823
gp_location,1,0.8077762
gp_location,0,0.5389465
gp_location,0,0.31420577
gp_location,0,0.7195585
gp_location,1,0.7370661
gp_location,0,0.54831684
gp_location,1,0.83578235
gp_location,0,0.61578846
gp_location,1,0.8362149
gp_location,0,0.3732525
gp_location,1,0.8487679
gp_location,1,0.8014915
gp_location,0,0.3574124
gp_location,0,0.31484753
gp_location,0,0.78773046
gp_location,0,0.35122508
gp_location,1,0.5877106
gp_location,1,0.8839891
gp_location,1,0.3295947
gp_location,0,0.43189862
gp_location,1,0.86613244
gp_location,1,0.3867241
gp_location,1,0.6954704
gp_location,1,0.6265895
gp_location,1,0.792923
gp_location,1,0.40194535
gp_location,0,0.42908895
gp_location,1,0.37534255
gp_location,1,0.41906363
gp_location,0,0.36729002
gp_location,1,0.3512165
gp_location,0,0.6862236
gp_location,1,0.37496686
gp_location,0,0.35565194
gp_location,0,0.36094564
gp_location,1,0.3589394
gp_location,0,0.38683105
gp_location,0,0.70984006
gp_location,1,0.35967898
gp_location,0,0.36460993
gp_location,1,0.83578235
gp_location,1,0.83578223
gp_location,0,0.362545
gp_location,1,0.83578235
gp_location,0,0.3955178
gp_location,1,0.66504127
gp_location,0,0.33736223
gp_location,0,0.31962544
gp_location,1,0.8014916
gp_location,1,0.8275654
gp_location,1,0.7631142
gp_location,1,0.36937368
gp_location,1,0.36911786
gp_location,1,0.29049632
gp_location,1,0.3742395
gp_location,0,0.38620162
gp_location,0,0.49893257
gp_location,1,0.83578223
gp_location,1,0.68390745
gp_location,0,0.34388405
gp_location,1,0.3581425
gp_location,1,0.7359409
gp_location,1,0.45156148
gp_location,1,0.820875
gp_location,0,0.39113104
gp_location,1,0.3561569
gp_location,0,0.37644362
gp_location,1,0.74717295
gp_location,0,0.40839863
gp_location,0,0.36968064
gp_location,0,0.36027646
gp_location,0,0.84283507
gp_location,1,0.7705291
gp_location,0,0.36537075
gp_location,1,0.83578235
gp_location,1,0.83578235
gp_location,1,0.7057537
gp_location,0,0.35798514
gp_location,1,0.83578235
gp_location,0,0.37538928
gp_location,1,0.38332692
gp_location,1,0.8267729
gp_location,1,0.83578235
gp_location,0,0.30398437
gp_location,1,0.4703433
gp_location,1,0.36770272
gp_location,0,0.43071732
gp_location,0,0.44954398
gp_location,1,0.85120153
gp_location,1,0.8077762
gp_location,1,0.34750062
gp_location,1,0.7229051
gp_location,1,0.3325925
gp_location,0,0.4648559
gp_location,1,0.41242698
gp_location,0,0.364905
gp_location,0,0.37624615
gp_location,0,0.39636624
gp_location,1,0.8175324
gp_location,0,0.42508614
gp_location,0,0.3757198
gp_location,1,0.54259455
gp_location,1,0.3479264
gp_location,1,0.7082456
gp_location,0,0.38485456
gp_location,0,0.34683293
gp_location,0,0.34919629
gp_location,1,0.83578235
gp_location,1,0.38579687
gp_location,1,0.7472827
gp_location,1,0.6842757
gp_location,0,0.7941292
gp_location,0,0.59582317
gp_location,1,0.83578223
gp_location,1,0.8356991
gp_location,1,0.7661805
gp_location,1,0.83578235
gp_location,0,0.820875
gp_location,1,0.6929313
gp_location,1,0.79186463
gp_location,1,0.35870925
gp_location,1,0.83578223
gp_location,0,0.5103189
gp_location,1,0.41605687
gp_location,0,0.35192886
gp_location,0,0.75923693
gp_location,0,0.3823905
gp_location,1,0.83578235
gp_location,0,0.33999005
gp_location,0,0.45159593
gp_location,1,0.8420756
gp_location,1,0.7434617
gp_location,0,0.6734704
gp_location,0,0.8295109
gp_location,1,0.83578235
gp_location,0,0.65896606
gp_location,0,0.34602648
gp_location,1,0.3250907
gp_location,0,0.83578235
gp_location,1,0.83578235
gp_location,0,0.40332478
gp_location,0,0.380629
gp_location,1,0.8435642
gp_location,0,0.43717918
gp_location,1,0.7472827
gp_location,0,0.36864358
gp_location,1,0.37337795
gp_location,1,0.6723215
gp_location,0,0.37064242
gp_location,0,0.30414313
gp_location,1,0.5671136
gp_location,1,0.38485435
gp_location,1,0.792923
gp_location,0,0.33131066
gp_location,0,0.34668165
gp_location,1,0.84791243
gp_location,1,0.83578235
gp_location,1,0.35045683
gp_location,1,0.85182214
gp_location,0,0.7566483
gp_location,0,0.3529984
gp_location,1,0.8157964
gp_location,1,0.72147226
gp_location,1,0.38452864
gp_location,1,0.3330679
gp_location,1,0.83578223
gp_location,1,0.83578235
gp_location,0,0.5705603
gp_location,1,0.37838748
gp_location,1,0.41973162
gp_location,1,0.8369679
gp_location,0,0.35557947
gp_location,0,0.3263751
gp_location,1,0.83696795
gp_location,0,0.7926882
gp_location,1,0.38004687
gp_location,0,0.41221002
gp_location,1,0.7684093
gp_location,0,0.83008647
gp_location,0,0.37839898
gp_location,0,0.8267729
gp_location,0,0.69942
gp_location,1,0.70357335
gp_location,0,0.38668275
gp_location,0,0.40148458
gp_location,1,0.39575052
gp_location,0,0.82415277
gp_location,1,0.7684093
gp_location,1,0.8275654
gp_location,0,0.37705946
gp_location,0,0.8307414
gp_location,1,0.83578235
gp_location,0,0.38541427
gp_location,1,0.8295109
gp_location,1,0.41460723
gp_location,0,0.34246853
gp_location,1,0.8430562
gp_location,0,0.46109828
gp_location,1,0.80814505
gp_location,1,0.83578235
gp_location,0,0.3177846
gp_location,0,0.49706808
gp_location,1,0.83578235
gp_location,1,0.7472827
gp_location,0,0.36665627
gp_location,1,0.6857736
gp_location,1,0.8249124
gp_location,0,0.35187268
gp_location,1,0.6621178
gp_location,1,0.64157534
gp_location,0,0.35967135
gp_location,1,0.83578235
gp_location,0,0.6994199
gp_location,1,0.82415277
gp_location,1,0.83578235
gp_location,0,0.36136052
gp_location,1,0.71581733
gp_location,0,0.39840794
gp_location,1,0.7904767
gp_location,0,0.41004783
gp_location,1,0.41083136
gp_location,1,0.7776025
gp_location,1,0.364743
gp_location,0,0.36194664
gp_location,0,0.74164736
gp_location,1,0.7175176
gp_location,0,0.34065193
gp_location,1,0.7082456
gp_location,0,0.6259144
gp_location,0,0.8058013
gp_location,1,0.75421286
gp_location,1,0.73715985
gp_location,1,0.7596122
gp_location,1,0.7082456
gp_location,1,0.7957033
gp_location,1,0.36848217
gp_location,1,0.2924043
gp_location,1,0.6999205
gp_location,0,0.64372826
gp_location,1,0.35442805
gp_location,0,0.35731256
gp_location,0,0.37010944
gp_location,1,0.3610162
gp_location,1,0.47112337
gp_location,0,0.43699202
gp_location,0,0.34917074
gp_location,1,0.46294507
gp_location,1,0.43044576
gp_location,0,0.3945406
gp_location,0,0.3435442
gp_location,0,0.38016576
gp_location,0,0.73192155
gp_location,1,0.7906956
gp_location,1,0.34742233
gp_location,0,0.37655896
gp_location,1,0.70574224
gp_location,0,0.41596815
gp_location,0,0.37028083
gp_location,1,0.81445307
gp_location,1,0.38945794
gp_location,1,0.38235652
gp_location,0,0.36878467
gp_location,1,0.30278128
gp_location,1,0.73147833
gp_location,0,0.3996747
gp_location,1,0.3381303
gp_location,0,0.42973092
gp_location,1,0.87016284
gp_location,1,0.693735
gp_location,0,0.3518645
gp_location,1,0.8021437
gp_location,1,0.39563492
gp_location,0,0.37963054
gp_location,0,0.38654625
gp_location,1,0.4091849
gp_location,0,0.3560341
gp_location,1,0.57942843
gp_location,0,0.39874053
gp_location,1,0.5336656
gp_location,1,0.6842435
gp_location,1,0.76921415
gp_location,0,0.37613454
gp_location,1,0.80851144
gp_location,1,0.6196488
gp_location,1,0.80540717
gp_location,1,0.38085973
gp_location,0,0.38324714
gp_location,0,0.38441914
gp_location,1,0.7818519
gp_location,0,0.6027841
gp_location,1,0.352857
gp_location,1,0.3432324
gp_location,0,0.3859472
gp_location,1,0.66283447
gp_location,1,0.7635345
gp_location,0,0.3657245
gp_location,1,0.41281286
gp_location,1,0.3992805
gp_location,0,0.35608834
gp_location,1,0.35627347
gp_location,1,0.46466312
gp_location,0,0.3449334
gp_location,1,0.67147696
gp_location,0,0.35202116
gp_location,0,0.38734922
gp_location,1,0.37604907
gp_location,1,0.39030012
gp_location,1,0.3503403
gp_location,1,0.38987622
gp_location,0,0.6166085
gp_location,0,0.39051896
gp_location,1,0.74112946
gp_location,1,0.5641392
gp_location,1,0.66636753
gp_location,0,0.6948998
gp_location,1,0.35427725
gp_location,1,0.64876497
gp_location,0,0.3301377
gp_location,0,0.35316157
gp_location,1,0.59239584
gp_location,1,0.8103154
gp_location,0,0.38616815
gp_location,0,0.34527698
gp_location,1,0.66529745
gp_location,0,0.39437568
gp_location,0,0.39437386
gp_location,0,0.40864828
gp_location,1,0.6530165
gp_location,1,0.7660142
gp_location,1,0.87016284
gp_location,1,0.38013038
gp_location,0,0.34669942
gp_location,0,0.34285703
gp_location,1,0.35567456
gp_location,1,0.64876497
gp_location,0,0.3505661
gp_location,1,0.62385464
gp_location,0,0.38663524
gp_location,1,0.67147696
gp_location,0,0.39023572
gp_location,0,0.74477375
gp_location,1,0.34014738
gp_location,0,0.46283752
gp_location,1,0.39979875
gp_location,0,0.3440912
gp_location,1,0.8645475
gp_location,1,0.7948644
gp_location,1,0.73145926
gp_location,0,0.35100436
gp_location,0,0.41736215
gp_location,1,0.6769117
gp_location,1,0.83682543
gp_location,0,0.6299965
gp_location,0,0.58320814
gp_location,1,0.36300984
gp_location,0,0.33845764
gp_location,0,0.32920587
gp_location,0,0.41681963
gp_location,1,0.35381883
gp_location,1,0.7189051
gp_location,1,0.750646
gp_location,1,0.72147226
gp_location,0,0.34655893
gp_location,0,0.36847687
gp_location,0,0.6906892
gp_location,0,0.38809437
gp_location,0,0.34493303
gp_location,0,0.3679884
gp_location,0,0.41260934
gp_location,1,0.3581068
gp_location,1,0.44066402
gp_location,0,0.44763294
gp_location,0,0.35513446
gp_location,1,0.41872448
gp_location,1,0.619558
gp_location,1,0.29844326
gp_location,0,0.36671984
gp_location,1,0.7172936
gp_location,0,0.36160952
gp_location,1,0.36192492
gp_location,0,0.32669535
gp_location,0,0.46494263
gp_location,0,0.5711745
gp_location,0,0.66670126
gp_location,1,0.35408074
gp_location,1,0.78931004
gp_location,1,0.3898168
gp_location,1,0.76088786
gp_location,0,0.37598753
gp_location,0,0.3519258
gp_location,0,0.59776556
gp_location,1,0.41931275
gp_location,0,0.42724943
gp_location,1,0.39469737
gp_location,0,0.3849375
gp_location,1,0.7324669
gp_location,0,0.38198972
gp_location,1,0.6607723
gp_location,0,0.7854141
gp_location,1,0.6782644
gp_location,1,0.39362463
gp_location,1,0.7697407
gp_location,0,0.3623158
gp_location,1,0.37512398
gp_location,1,0.71097195
gp_location,0,0.2825567
gp_location,0,0.49137816
gp_location,0,0.38935524
gp_location,0,0.33492556
gp_location,1,0.36432204
gp_location,1,0.68607944
gp_location,1,0.53741634
gp_location,0,0.42021868
gp_location,1,0.3966441
gp_location,0,0.37786037
gp_location,0,0.38651308
gp_location,1,0.38084605
gp_location,1,0.8149631
gp_location,0,0.36447668
gp_location,1,0.6040768
gp_location,1,0.6086434
gp_location,0,0.3881433
gp_location,1,0.41408223
gp_location,1,0.72759265
gp_location,0,0.40155825
gp_location,0,0.4909313
gp_location,0,0.3766466
gp_location,1,0.67907774
gp_location,0,0.35681129
gp_location,0,0.3684088
gp_location,1,0.75923705
gp_location,1,0.7584697
gp_location,1,0.7584697
gp_location,0,0.39515966
gp_location,0,0.6348834
gp_location,0,0.3451656
gp_location,1,0.34844142
gp_location,0,0.30958802
gp_location,0,0.3774397
gp_location,0,0.3906375
gp_location,0,0.76399916
gp_location,1,0.83720964
gp_location,1,0.702645
gp_location,0,0.36002594
gp_location,1,0.75702024
gp_location,1,0.7383002
gp_location,1,0.6438831
gp_location,0,0.32765165
gp_location,0,0.37261805
gp_location,0,0.5282598
gp_location,0,0.35538453
gp_location,0,0.55360645
gp_location,0,0.37148687
gp_location,1,0.48588747
gp_location,0,0.42390323
gp_location,0,0.36855817
gp_location,0,0.41150567
gp_location,0,0.35562572
gp_location,0,0.68607944
gp_location,0,0.87016284
gp_location,0,0.41551998
gp_location,0,0.32915446
gp_location,1,0.39364415
gp_location,0,0.35158852
gp_location,0,0.27152646
gp_location,1,0.4100178
gp_location,0,0.33329126
gp_location,0,0.59877926
gp_location,0,0.3409802
gp_location,1,0.8026741
gp_location,1,0.83744484
gp_location,1,0.7032995
gp_location,0,0.36086494
gp_location,1,0.44658482
gp_location,1,0.4493495
gp_location,0,0.3869435
gp_location,1,0.46664518
gp_location,1,0.8398686
gp_location,1,0.7926882
gp_location,1,0.38655776
gp_location,0,0.37125307
gp_location,1,0.40076753
gp_location,1,0.7776025
gp_location,1,0.3815182
gp_location,1,0.69689035
gp_location,1,0.27374136
gp_location,1,0.48559836
gp_location,0,0.38667303
gp_location,0,0.4433121
gp_location,0,0.487799
gp_location,1,0.39431286
gp_location,0,0.3706856
gp_location,1,0.33326828
gp_location,1,0.5143948
gp_location,0,0.38128063
gp_location,0,0.37612793
gp_location,1,0.6040768
gp_location,0,0.42071936
gp_location,0,0.39829338
gp_location,1,0.69137
gp_location,0,0.5082125
gp_location,1,0.6999205
gp_location,0,0.32844228
gp_location,1,0.8077762
gp_location,1,0.74112946
gp_location,0,0.38037768
gp_location,1,0.7161058
gp_location,0,0.7487879
gp_location,0,0.36909312
gp_location,1,0.7973323
gp_location,1,0.7904767
gp_location,0,0.7474791
gp_location,0,0.75702024
gp_location,1,0.36082566
gp_location,1,0.7393571
gp_location,1,0.78379166
gp_location,1,0.81495404
gp_location,1,0.7275926
gp_location,1,0.7724886
gp_location,1,0.36081302
gp_location,0,0.626963
gp_location,1,0.77519304
gp_location,0,0.37800696
gp_location,1,0.6783053
gp_location,1,0.73154825
gp_location,0,0.3739286
gp_location,0,0.34438786
gp_location,0,0.3496548
gp_location,0,0.87016284
gp_location,0,0.73045874
gp_location,1,0.39210746
gp_location,0,0.43100953
gp_location,0,0.36407906
gp_location,1,0.36365646
gp_location,1,0.39234075
gp_location,1,0.69246006
gp_location,1,0.40418458
gp_location,1,0.37060988
gp_location,1,0.81047565
gp_location,1,0.47113463
gp_location,1,0.66504127
gp_location,1,0.35599554
gp_location,1,0.68053186
gp_location,0,0.37943974
gp_location,1,0.41269588
gp_location,1,0.69031966
gp_location,0,0.34954676
gp_location,0,0.43170503
gp_location,1,0.34201556
gp_location,0,0.37743077
gp_location,1,0.8310329
gp_location,1,0.70574224
gp_location,0,0.3624641
gp_location,1,0.7010921
gp_location,1,0.6633459
gp_location,0,0.35590088
gp_location,1,0.7825582
gp_location,1,0.83736134
gp_location,0,0.41159275
gp_location,0,0.6046054
gp_location,1,0.84791243
gp_location,1,0.7876859
gp_location,1,0.38358492
gp_location,1,0.35028076
gp_location,0,0.36337733
gp_location,1,0.3988829
gp_location,0,0.3398348
gp_location,0,0.3882434
gp_location,1,0.8138188
gp_location,0,0.8837769
gp_location,1,0.7583376
gp_location,0,0.39365426
gp_location,0,0.7596122
gp_location,1,0.3952573
gp_location,0,0.58562803
gp_location,1,0.6768849
gp_location,0,0.7189051
gp_location,1,0.84041727
gp_location,0,0.4116959
gp_location,1,0.6521603
gp_location,0,0.4154156
gp_location,1,0.6020387
gp_location,1,0.7906956
gp_location,0,0.31800044
gp_location,1,0.81951034
gp_location,1,0.6824145
gp_location,0,0.3498469
gp_location,0,0.35263446
gp_location,1,0.75421286
gp_location,0,0.42105418
gp_location,1,0.28393877
gp_location,0,0.45609233
gp_location,1,0.7514795
gp_location,0,0.38158152
gp_location,0,0.34635794
gp_location,0,0.76156294
gp_location,1,0.8026741
gp_location,0,0.3619563
gp_location,0,0.3447472
gp_location,0,0.40641993
gp_location,1,0.8552983
gp_location,1,0.70357335
gp_location,0,0.3714361
gp_location,1,0.7514795
gp_location,0,0.41578105
gp_location,0,0.41146645
gp_location,0,0.36732644
gp_location,1,0.8474376
gp_location,0,0.35618293
gp_location,0,0.66905344
gp_location,1,0.3756255
gp_location,0,0.29348654
gp_location,1,0.56692404
gp_location,1,0.7428397
gp_location,0,0.35121918
gp_location,0,0.37786955
gp_location,0,0.76372045
gp_location,1,0.6302704
gp_location,1,0.7660142
gp_location,1,0.3573776
gp_location,1,0.642428
gp_location,1,0.76921415
gp_location,0,0.32787195
gp_location,1,0.4295382
gp_location,1,0.68925226
gp_location,1,0.39915514
gp_location,1,0.4650496
gp_location,1,0.77799785
gp_location,1,0.7584697
gp_location,0,0.3586713
gp_location,0,0.36646783
gp_location,1,0.772825
gp_location,0,0.34547997
gp_location,1,0.7175176
gp_location,0,0.68584454
gp_location,1,0.42751265
gp_location,0,0.36216098
gp_location,0,0.37118536
gp_location,1,0.63048875
gp_location,0,0.30211502
gp_location,0,0.57674026
gp_location,0,0.716546
gp_location,1,0.5375041
gp_location,1,0.46948737
gp_location,1,0.31845465
gp_location,1,0.53017044
gp_location,1,0.5247064
gp_location,1,0.84053785
gp_location,1,0.44204408
gp_location,0,0.41055548
gp_location,1,0.6841967
gp_location,1,0.667916
gp_location,0,0.3697426
gp_location,1,0.7685586
gp_location,1,0.7866708
gp_location,1,0.87016284
gp_location,0,0.3462021
gp_location,1,0.34924966
gp_location,0,0.37493473
gp_location,0,0.34868804
gp_location,1,0.6928246
gp_location,1,0.3921365
gp_location,1,0.39770165
gp_location,1,0.7957033
gp_location,1,0.74477386
gp_location,1,0.67532474
gp_location,1,0.46058917
gp_location,0,0.4848304
gp_location,1,0.4935306
gp_location,0,0.66636735
gp_location,1,0.29716295
gp_location,1,0.7854141
gp_location,0,0.3117658
gp_location,0,0.77915454
gp_location,1,0.40413475
gp_location,0,0.50474787
gp_location,1,0.7866708
gp_location,1,0.5596764
gp_location,0,0.3568501
gp_location,1,0.3587098
gp_location,1,0.7113183
gp_location,1,0.32966977
gp_location,0,0.29826817
gp_location,1,0.6421323
gp_location,0,0.35053402
gp_location,0,0.72937185
gp_location,1,0.34224105
gp_location,0,0.6085578
gp_location,1,0.87016284
gp_location,0,0.33321363
gp_location,1,0.6951657
gp_location,1,0.32609773
gp_location,1,0.7172936
gp_location,1,0.45225894
gp_location,1,0.34646976
gp_location,1,0.5175527
gp_location,0,0.34188658
gp_location,0,0.37938255
gp_location,0,0.36540067
gp_location,1,0.5043837
gp_location,1,0.7920693
gp_location,0,0.43150902
gp_location,0,0.40087077
gp_location,1,0.37295228
gp_location,0,0.36300424
gp_location,0,0.34384274
gp_location,1,0.41223007
gp_location,0,0.5156134
gp_location,1,0.5851515
gp_location,0,0.5767198
gp_location,1,0.57343525
gp_location,1,0.7798677
gp_location,1,0.33104098
gp_location,1,0.81494784
gp_location,0,0.3972396
gp_location,1,0.32379144
gp_location,0,0.3378443
gp_location,0,0.3855296
gp_location,1,0.6774582
gp_location,1,0.3702779
gp_location,1,0.65577596
gp_location,0,0.3613018
gp_location,0,0.37938222
gp_location,1,0.76088786
gp_location,0,0.37568954
gp_location,1,0.40434012
gp_location,0,0.32275635
gp_location,0,0.41197392
gp_location,1,0.39503038
gp_location,1,0.79479253
gp_location,0,0.36391616
gp_location,0,0.47235906
gp_location,1,0.7189051
gp_location,1,0.5560928
gp_location,0,0.5102292
gp_location,0,0.3986356
gp_location,1,0.72132564
gp_location,1,0.3594215
gp_location,1,0.40712777
gp_location,0,0.37595102
gp_location,1,0.68644154
gp_location,0,0.41525632
gp_location,1,0.69746804
gp_location,0,0.37546557
gp_location,0,0.42635775
gp_location,1,0.69651675
gp_location,1,0.23591867
gp_location,1,0.5977309
gp_location,0,0.35852063
gp_location,0,0.39797267
gp_location,0,0.3900537
gp_location,0,0.439419
gp_location,0,0.41142005
gp_location,1,0.40564394
gp_location,1,0.7795409
gp_location,1,0.37672812
gp_location,0,0.6416693
gp_location,1,0.34567577
gp_location,1,0.37408084
gp_location,0,0.33535177
gp_location,1,0.37516537
gp_location,0,0.3773355
gp_location,1,0.74477386
gp_location,1,0.41035932
gp_location,0,0.30220369
gp_location,0,0.559562
gp_location,1,0.70984006
gp_location,0,0.36336845
gp_location,1,0.69137
gp_location,0,0.59753513
gp_location,0,0.35789096
gp_location,0,0.4095617
gp_location,1,0.718144
gp_location,0,0.43763012
gp_location,0,0.35031587
gp_location,1,0.78959864
gp_location,1,0.80524004
gp_location,1,0.5115043
gp_location,1,0.41903827
gp_location,0,0.77519304
gp_location,0,0.4146676
gp_location,0,0.72694993
gp_location,1,0.71263605
gp_location,0,0.3363926
gp_location,0,0.33832398
gp_location,0,0.7082456
gp_location,0,0.40987256
gp_location,0,0.34974802
gp_location,0,0.41076756
gp_location,1,0.3229903
gp_location,1,0.47842652
gp_location,0,0.67438453
gp_location,1,0.7596122
gp_location,1,0.302681
gp_location,0,0.39706278
gp_location,1,0.87016284
gp_location,1,0.59536535
gp_location,1,0.69433814
gp_location,0,0.38159373
gp_location,0,0.37409684
gp_location,0,0.6744978
gp_location,1,0.3434953
gp_location,1,0.3826169
gp_location,0,0.5406151
gp_location,0,0.368671
gp_location,0,0.47417247
gp_location,1,0.36209017
gp_location,0,0.330205
gp_location,0,0.36527354
gp_location,1,0.35504094
gp_location,1,0.4715667
gp_location,0,0.4068566
gp_location,0,0.34764397
gp_location,0,0.37663218
gp_location,0,0.3810394
gp_location,1,0.35749868
gp_location,0,0.6974137
gp_location,1,0.3822317
gp_location,0,0.35215485
gp_location,0,0.46176505
gp_location,1,0.38473415
gp_location,0,0.36575902
gp_location,0,0.5661408
gp_location,0,0.34909302
gp_location,1,0.72746277
gp_location,0,0.46072745
gp_location,1,0.7575219
gp_location,0,0.33031052
gp_location,1,0.2902345
gp_location,0,0.3533488
gp_location,0,0.3445052
gp_location,1,0.8458985
gp_location,0,0.4613275
gp_location,0,0.87016284
gp_location,0,0.80814505
gp_location,1,0.40033415
gp_location,0,0.36831525
gp_location,0,0.36121452
gp_location,1,0.6869842
gp_location,1,0.3430613
gp_location,0,0.37912893
gp_location,0,0.34856817
gp_location,0,0.33790696
gp_location,1,0.3863443
gp_location,1,0.34164375
gp_location,1,0.8345889
gp_location,0,0.37507075
gp_location,0,0.43023282
gp_location,0,0.5583894
gp_location,0,0.5016088
gp_location,1,0.70357335
gp_location,0,0.7872653
gp_location,1,0.3428438
gp_location,1,0.66636735
gp_location,1,0.37693882
gp_location,0,0.3435257
gp_location,0,0.37504262
gp_location,0,0.38845837
gp_location,1,0.3685813
gp_location,0,0.3468349
gp_location,0,0.528123
gp_location,1,0.73958397
gp_location,1,0.362648
gp_location,0,0.29872814
gp_location,0,0.3835195
gp_location,1,0.70116204
gp_location,0,0.7163029
gp_location,1,0.87016284
gp_location,0,0.4277508
gp_location,1,0.34668696
gp_location,1,0.7635429
gp_location,0,0.39706373
gp_location,1,0.35803092
gp_location,1,0.6967167
gp_location,1,0.74477386
gp_location,0,0.46414924
gp_location,1,0.3850225
gp_location,0,0.42749697
gp_location,0,0.3757547
gp_location,0,0.5135467
gp_location,1,0.57356787
gp_location,0,0.33353394
gp_location,1,0.37944406
gp_location,0,0.35453254
gp_location,0,0.6317904
gp_location,1,0.46212602
gp_location,0,0.4074869
gp_location,0,0.6606477
gp_location,0,0.3955769
gp_location,0,0.36721224
gp_location,1,0.6642918
gp_location,1,0.35135645
gp_location,1,0.8369679
gp_location,1,0.78238046
gp_location,0,0.6929313
gp_location,0,0.4050445
gp_location,1,0.84328103
gp_location,0,0.42975968
gp_location,1,0.8017559
gp_location,1,0.8241527
gp_location,1,0.81252116
gp_location,1,0.83744484
gp_location,1,0.77768385
gp_location,1,0.85353005
gp_location,1,0.84328103
gp_location,1,0.3908469
gp_location,1,0.3462423
gp_location,1,0.7617078
gp_location,1,0.82287693
gp_location,1,0.76353455
gp_location,0,0.37891498
gp_location,0,0.41049117
gp_location,0,0.40861458
gp_location,0,0.32529998
gp_location,1,0.6648005
gp_location,0,0.5884358
gp_location,0,0.69234216
gp_location,1,0.7658026
gp_location,0,0.3555116
gp_location,1,0.41351742
gp_location,0,0.40156442
gp_location,1,0.8524806
gp_location,0,0.36720514
gp_location,1,0.33757013
gp_location,0,0.6611179
gp_location,0,0.4709704
gp_location,1,0.40404
gp_location,0,0.38297313
gp_location,1,0.759237
gp_location,0,0.39300492
gp_location,1,0.8369679
gp_location,1,0.6994199
gp_location,1,0.3010863
gp_location,1,0.7391454
gp_location,1,0.3853535
gp_location,1,0.6872959
gp_location,0,0.49447572
gp_location,1,0.41202718
gp_location,0,0.3573073
gp_location,0,0.39403245
gp_location,0,0.71259665
gp_location,0,0.4358967
gp_location,1,0.75953615
gp_location,1,0.384437
gp_location,1,0.50367355
gp_location,0,0.3853324
gp_location,0,0.7125967
gp_location,0,0.3511969
gp_location,0,0.3597693
gp_location,0,0.69607174
gp_location,0,0.7509619
gp_location,1,0.8380566
gp_location,0,0.81905776
gp_location,0,0.77046615
gp_location,1,0.7672329
gp_location,1,0.8526727
gp_location,1,0.35099635
gp_location,1,0.71263605
gp_location,0,0.35270652
gp_location,1,0.47092226
gp_location,1,0.322532
gp_location,0,0.42372125
gp_location,1,0.38986737
gp_location,1,0.6994199
gp_location,0,0.40760618
gp_location,0,0.34484708
gp_location,0,0.72359467
gp_location,1,0.64569974
gp_location,1,0.84283507
gp_location,1,0.3487033
gp_location,0,0.35620654
gp_location,1,0.42502886
gp_location,0,0.35104
gp_location,1,0.73054135
gp_location,0,0.34796917
gp_location,1,0.80580115
gp_location,1,0.35692188
gp_location,0,0.36230743
gp_location,0,0.77915454
gp_location,1,0.38756087
gp_location,0,0.42689204
gp_location,0,0.7984215
gp_location,1,0.36488512
gp_location,1,0.44697767
gp_location,0,0.37003267
gp_location,1,0.36659276
gp_location,0,0.37408084
gp_location,0,0.35599643
gp_location,0,0.77245176
gp_location,1,0.815573
gp_location,0,0.3876896
gp_location,1,0.37656575
gp_location,0,0.34864724
gp_location,0,0.35463715
gp_location,1,0.3848624
gp_location,0,0.35463464
gp_location,1,0.38614038
gp_location,0,0.3663704
gp_location,1,0.36358345
gp_location,1,0.33018094
gp_location,0,0.4127975
gp_location,1,0.7374942
gp_location,1,0.6359921
gp_location,1,0.39534593
gp_location,1,0.42536974
gp_location,0,0.75499755
gp_location,1,0.34561357
gp_location,0,0.3624485
gp_location,0,0.35974452
gp_location,1,0.81628096
gp_location,1,0.75848174
gp_location,1,0.3280136
gp_location,1,0.6613699
gp_location,1,0.37532714
gp_location,0,0.3853184
gp_location,1,0.7897359
gp_location,1,0.3852185
gp_location,0,0.361134
gp_location,0,0.72132564
gp_location,0,0.3715195
gp_location,1,0.37023452
gp_location,1,0.5997313
gp_location,0,0.34211463
gp_location,0,0.35986716
gp_location,0,0.36631268
gp_location,0,0.6563762
gp_location,1,0.35629207
gp_location,0,0.3772313
gp_location,0,0.4644431
gp_location,1,0.68925226
gp_location,1,0.5883037
gp_location,0,0.3981065
gp_location,0,0.37455714
gp_location,1,0.63938093
gp_location,0,0.35369515
gp_location,0,0.42634258
gp_location,1,0.808393
gp_location,0,0.41770273
gp_location,0,0.38297608
gp_location,1,0.8373612
gp_location,1,0.7953812
gp_location,1,0.8349947
gp_location,0,0.36563045
gp_location,1,0.41390672
gp_location,0,0.38545808
gp_location,1,0.84328103
gp_location,0,0.3320259
gp_location,1,0.37737146
gp_location,1,0.3603167
gp_location,0,0.35770637
gp_location,0,0.6706711
gp_location,0,0.35005313
gp_location,0,0.37089103
gp_location,1,0.84328103
gp_location,1,0.40389115
gp_location,1,0.50613433
gp_location,0,0.41901633
gp_location,1,0.65794015
gp_location,0,0.3226471
gp_location,0,0.8171976
gp_location,0,0.36239275
gp_location,1,0.36620677
gp_location,0,0.39295352
gp_location,1,0.3916127
gp_location,0,0.3771367
gp_location,1,0.36394057
gp_location,0,0.75499755
gp_location,1,0.35340387
gp_location,1,0.5069887
gp_location,0,0.40617082
gp_location,0,0.59850365
gp_location,1,0.36815715
gp_location,1,0.40140206
gp_location,0,0.37956434
gp_location,1,0.77912974
gp_location,0,0.2816493
gp_location,0,0.8327365
gp_location,0,0.8322059
gp_location,0,0.3731418
gp_location,0,0.33554387
gp_location,1,0.8210657
gp_location,1,0.38675618
gp_location,1,0.8369679
gp_location,1,0.70159674
gp_location,0,0.35591054
gp_location,1,0.83578223
gp_location,0,0.37255937
gp_location,1,0.36010537
gp_location,0,0.40143648
gp_location,0,0.35391974
gp_location,0,0.38376766
gp_location,1,0.3585754
gp_location,0,0.34164375
gp_location,1,0.73677206
gp_location,0,0.36952528
gp_location,1,0.3288672
gp_location,1,0.47304192
gp_location,1,0.82078403
gp_location,1,0.30590108
gp_location,0,0.70919
gp_location,0,0.38356933
gp_location,1,0.734384
gp_location,0,0.51053154
gp_location,0,0.3452216
gp_location,1,0.708961
gp_location,1,0.35308513
gp_location,0,0.32293814
gp_location,0,0.3956272
gp_location,0,0.38140503
gp_location,0,0.3567551
gp_location,0,0.34122238
gp_location,1,0.83578235
gp_location,0,0.72083235
gp_location,0,0.3951491
gp_location,0,0.41367158
gp_location,1,0.7635345
gp_location,1,0.5743685
gp_location,0,0.35286754
gp_location,1,0.44328654
gp_location,1,0.38527003
gp_location,0,0.51340467
gp_location,1,0.37738964
gp_location,0,0.38871598
gp_location,0,0.362877
gp_location,0,0.3948456
gp_location,1,0.866201
gp_location,1,0.37753552
gp_location,0,0.5848576
gp_location,0,0.35297093
gp_location,1,0.35083735
gp_location,1,0.38827753
gp_location,0,0.38746452
gp_location,0,0.3850984
gp_location,1,0.38489443
gp_location,1,0.7795409
gp_location,0,0.36345127
gp_location,1,0.4111745
gp_location,0,0.4038139
gp_location,0,0.7941292
gp_location,0,0.38557562
gp_location,1,0.36692894
gp_location,0,0.41434044
gp_location,0,0.5566281
gp_location,0,0.73677206
gp_location,1,0.46181497
gp_location,1,0.36939088
gp_location,0,0.41165093
gp_location,0,0.3500818
gp_location,0,0.3553285
gp_location,0,0.7391454
gp_location,0,0.41497418
gp_location,0,0.6742559
gp_location,0,0.3963601
gp_location,1,0.83578223
gp_location,0,0.3814882
gp_location,0,0.4136401
gp_location,0,0.36748406
gp_location,1,0.2840413
gp_location,1,0.40401837
gp_location,0,0.37457007
gp_location,0,0.3598823
gp_location,1,0.3422984
gp_location,0,0.43264145
gp_location,1,0.39216763
gp_location,1,0.5755518
gp_location,0,0.36649108
gp_location,1,0.38341832
gp_location,0,0.37581074
gp_location,0,0.36284286
gp_location,1,0.49850392
gp_location,1,0.40453973
gp_location,1,0.38199243
gp_location,1,0.3969449
gp_location,0,0.3824308
gp_location,0,0.39408767
gp_location,0,0.34377897
gp_location,1,0.696532
gp_location,1,0.39597988
gp_location,0,0.34271944
gp_location,0,0.41045764
gp_location,1,0.734384
gp_location,0,0.38441974
gp_location,1,0.4235993
gp_location,0,0.3616522
gp_location,0,0.38514116
gp_location,0,0.3512079
gp_location,0,0.43327034
gp_location,0,0.40001637
gp_location,0,0.36272544
gp_location,0,0.41596892
gp_location,0,0.7672329
gp_location,0,0.5564267
gp_location,1,0.35706446
gp_location,1,0.8258401
gp_location,0,0.33953816
gp_location,0,0.39059585
gp_location,0,0.37865108
gp_location,0,0.38041085
gp_location,1,0.6413753
gp_location,1,0.63346326
gp_location,1,0.6607723
gp_location,1,0.3753104
gp_location,0,0.35409334
gp_location,0,0.30208594
gp_location,1,0.35810596
gp_location,1,0.2614833
gp_location,0,0.38562578
gp_location,1,0.35822576
gp_location,0,0.8380566
gp_location,1,0.84274954
gp_location,0,0.45275852
gp_location,0,0.3421269
gp_location,0,0.3614576
gp_location,0,0.45223117
gp_location,1,0.8369679
gp_location,0,0.3998806
gp_location,0,0.35769758
gp_location,1,0.85353005
gp_location,1,0.86068225
gp_location,1,0.84549224
gp_location,0,0.35386133
gp_location,1,0.83578223
gp_location,0,0.3667394
gp_location,1,0.41571158
gp_location,0,0.35162503
gp_location,1,0.83578223
gp_location,0,0.4057529
gp_location,0,0.316431
gp_location,1,0.34636196
gp_location,1,0.42417538
gp_location,1,0.83578235
gp_location,0,0.37918696
gp_location,0,0.5360142
gp_location,0,0.37945366
gp_location,0,0.27682987
gp_location,1,0.35936517
gp_location,0,0.8398686
gp_location,1,0.35829073
gp_location,0,0.34884575
gp_location,0,0.6113091
gp_location,0,0.55155814
gp_location,0,0.36450282
gp_location,0,0.86613244
gp_location,1,0.43365136
gp_location,1,0.72147226
gp_location,0,0.3504442
gp_location,0,0.6994199
gp_location,0,0.26942882
gp_location,0,0.3341899
gp_location,1,0.83578223
gp_location,1,0.80814505
gp_location,1,0.39143082
gp_location,0,0.36058635
gp_location,1,0.761959
gp_location,0,0.8267729
gp_location,1,0.8207083
gp_location,1,0.83578235
gp_location,1,0.5360142
gp_location,0,0.3450246
gp_location,1,0.83578235
gp_location,1,0.82117724
gp_location,0,0.33240002
gp_location,1,0.35904267
gp_location,0,0.3875774
gp_location,1,0.6487776
gp_location,0,0.35258538
gp_location,1,0.37417373
gp_location,1,0.39459908
gp_location,0,0.38571674
gp_location,1,0.66504127
gp_location,0,0.4037469
gp_location,1,0.8355234
gp_location,1,0.8369679
gp_location,1,0.83578223
gp_location,1,0.3762575
gp_location,0,0.34994856
gp_location,1,0.5939911
gp_location,0,0.37983668
gp_location,0,0.40080336
gp_location,1,0.4063567
gp_location,0,0.35727072
gp_location,0,0.350183
gp_location,1,0.530672
gp_location,0,0.73476285
gp_location,0,0.6529769
gp_location,0,0.3582846
gp_location,1,0.36503735
gp_location,1,0.370241
gp_location,0,0.75421286
gp_location,1,0.35927397
gp_location,0,0.41209686
gp_location,0,0.39018738
gp_location,0,0.5521572
gp_location,1,0.36384162
gp_location,1,0.84549224
gp_location,0,0.36400485
gp_location,0,0.41471538
gp_location,1,0.40045333
gp_location,1,0.83578235
gp_location,0,0.3980668
gp_location,0,0.34255332
gp_location,1,0.83578223
gp_location,0,0.3553006
gp_location,1,0.83578235
gp_location,0,0.3820146
gp_location,1,0.42209047
gp_location,0,0.4143858
gp_location,0,0.53399295
gp_location,0,0.41203517
gp_location,1,0.34710073
gp_location,0,0.3747062
gp_location,1,0.61578846
gp_location,1,0.38769388
gp_location,1,0.3653891
gp_location,0,0.35908252
gp_location,1,0.8267729
gp_location,0,0.8864263
gp_location,1,0.37492356
gp_location,0,0.8356991
gp_location,0,0.38093072
gp_location,1,0.8866056
gp_location,1,0.37396702
gp_location,1,0.72483337
gp_location,0,0.35021377
gp_location,0,0.35502982
gp_location,1,0.5933255
gp_location,1,0.37264937
gp_location,0,0.35472733
gp_location,0,0.35901418
gp_location,1,0.409845
gp_location,0,0.39201766
gp_location,0,0.37170446
gp_location,0,0.82117724
gp_location,1,0.83578223
gp_location,1,0.8427814
gp_location,0,0.35422847
gp_location,1,0.83578235
gp_location,0,0.3824911
gp_location,0,0.3664271
gp_location,1,0.83008647
gp_location,0,0.39965194
gp_location,0,0.4904838
gp_location,0,0.37504297
gp_location,1,0.81060123
gp_location,1,0.83578235
gp_location,0,0.45741966
gp_location,1,0.70739126
gp_location,1,0.40275526
gp_location,0,0.7532413
gp_location,1,0.777606
gp_location,1,0.6951329
gp_location,0,0.34872943
gp_location,1,0.75689805
gp_location,0,0.8634385
gp_location,1,0.8003429
gp_location,0,0.33985996
gp_location,1,0.73054135
gp_location,0,0.786412
gp_location,1,0.34269115
gp_location,1,0.35961783
gp_location,0,0.39164412
gp_location,1,0.3537871
gp_location,1,0.39778227
gp_location,1,0.3549986
gp_location,1,0.5971476
gp_location,1,0.3997942
gp_location,0,0.39141095
gp_location,1,0.3582846
gp_location,1,0.60243225
gp_location,0,0.7223716
gp_location,1,0.407988
gp_location,0,0.5223485
gp_location,1,0.56994843
gp_location,1,0.46012518
gp_location,1,0.4386303
gp_location,1,0.43887475
gp_location,1,0.35926127
gp_location,0,0.3723464
gp_location,0,0.38604566
gp_location,0,0.39221263
gp_location,0,0.7789632
gp_location,0,0.35376394
gp_location,0,0.34461936
gp_location,1,0.87103736
gp_location,0,0.83578235
gp_location,1,0.4145228
gp_location,1,0.37516594
gp_location,0,0.4022566
gp_location,1,0.6800803
gp_location,1,0.67390406
gp_location,1,0.3579383
gp_location,0,0.750646
gp_location,1,0.83578235
gp_location,1,0.73147833
gp_location,1,0.7584697
gp_location,1,0.3595878
gp_location,1,0.7421609
gp_location,1,0.68390745
gp_location,1,0.73476285
gp_location,1,0.3582015
gp_location,1,0.4721333
gp_location,0,0.35824305
gp_location,1,0.40563276
gp_location,1,0.3664271
gp_location,1,0.78750575
gp_location,1,0.3397051
gp_location,0,0.3512165
gp_location,0,0.49712637
gp_location,1,0.83033574
gp_location,1,0.39016864
gp_location,1,0.8307414
gp_location,0,0.7802719
gp_location,0,0.371145
gp_location,1,0.34829208
gp_location,0,0.348872
gp_location,1,0.36302316
gp_location,1,0.4096439
gp_location,0,0.7082456
gp_location,1,0.39857438
gp_location,0,0.56974804
gp_location,0,0.38947764
gp_location,1,0.35535368
gp_location,1,0.83578235
gp_location,1,0.7584697
gp_location,1,0.6505443
gp_location,0,0.34144017
gp_location,0,0.83720964
gp_location,1,0.69757223
gp_location,1,0.77186
gp_location,0,0.34787822
gp_location,1,0.39204884
gp_location,1,0.746938
gp_location,0,0.37526315
gp_location,1,0.7705163
gp_location,0,0.8215653
gp_location,1,0.79205346
gp_location,1,0.3657206
gp_location,1,0.4285146
gp_location,1,0.37271184
gp_location,1,0.7245318
gp_location,0,0.3743512
gp_location,0,0.3270992
gp_location,0,0.3502915
gp_location,1,0.33614385
gp_location,0,0.3986348
gp_location,1,0.66727245
gp_location,1,0.80281544
gp_location,1,0.7754522
gp_location,0,0.45901462
gp_location,1,0.8175885
gp_location,0,0.36821848
gp_location,1,0.841696
gp_location,1,0.6798702
gp_location,0,0.38744006
gp_location,1,0.34701484
gp_location,0,0.4405628
gp_location,1,0.38304263
gp_location,0,0.7067922
gp_location,1,0.3321275
gp_location,1,0.35294414
gp_location,1,0.32934546
gp_location,0,0.3510213
gp_location,0,0.3789146
gp_location,1,0.8458516
gp_location,1,0.3929242
gp_location,1,0.72928095
gp_location,1,0.7080304
gp_location,1,0.803315
gp_location,1,0.8166456
gp_location,1,0.36183035
gp_location,0,0.3732028
gp_location,1,0.41795486
gp_location,1,0.8267729
gp_location,1,0.38266695
gp_location,1,0.32591912
gp_location,0,0.30724177
gp_location,1,0.7189051
gp_location,0,0.3309396
gp_location,1,0.7789632
gp_location,0,0.3277998
gp_location,1,0.6886742
gp_location,1,0.5933255
gp_location,1,0.4253219
gp_location,1,0.38188317
gp_location,0,0.40390113
gp_location,0,0.33138138
gp_location,0,0.57674026
gp_location,1,0.32506096
gp_location,1,0.4232453
gp_location,1,0.8075234
gp_location,1,0.81103015
gp_location,1,0.6429924
gp_location,0,0.33938026
gp_location,1,0.3998484
gp_location,1,0.44092512
gp_location,1,0.4767986
gp_location,0,0.44170457
gp_location,0,0.3664407
gp_location,0,0.35801068
gp_location,0,0.32516605
gp_location,0,0.40760654
gp_location,0,0.35618094
gp_location,1,0.36372215
gp_location,0,0.34279832
gp_location,0,0.40002158
gp_location,1,0.3484991
gp_location,1,0.7654908
gp_location,1,0.37597537
gp_location,0,0.3782213
gp_location,1,0.5958385
gp_location,0,0.71415186
gp_location,0,0.39773223
gp_location,0,0.34188658
gp_location,0,0.41840065
gp_location,1,0.40702295
gp_location,0,0.4213145
gp_location,0,0.3815082
gp_location,0,0.35679534
gp_location,0,0.41409907
gp_location,1,0.78630954
gp_location,1,0.3607538
gp_location,1,0.37731242
gp_location,1,0.43326163
gp_location,1,0.7866708
gp_location,1,0.3698366
gp_location,0,0.41722214
gp_location,0,0.3993797
gp_location,0,0.777606
gp_location,1,0.6553235
gp_location,0,0.7608878
gp_location,1,0.38751894
gp_location,1,0.32108462
gp_location,0,0.39945465
gp_location,1,0.7161059
gp_location,0,0.33753556
gp_location,0,0.4050243
gp_location,0,0.34951535
gp_location,1,0.7850452
gp_location,1,0.33979148
gp_location,1,0.32584178
gp_location,0,0.35195655
gp_location,0,0.36175048
gp_location,1,0.626963
gp_location,1,0.63074917
gp_location,1,0.5631335
gp_location,0,0.37907648
gp_location,1,0.70209825
gp_location,1,0.363687
gp_location,0,0.39242285
gp_location,0,0.41513222
gp_location,0,0.4935908
gp_location,1,0.87016284
gp_location,0,0.4566436
gp_location,0,0.7415978
gp_location,1,0.7826247
gp_location,0,0.38931495
gp_location,0,0.40294844
gp_location,0,0.3856776
gp_location,0,0.37024465
gp_location,1,0.41964778
gp_location,0,0.40036038
gp_location,1,0.39645505
gp_location,1,0.841696
gp_location,1,0.8639432
